{"accuracy": [0.2679465711116791, 0.4757095277309418, 0.5993322134017944, 0.668948233127594, 0.7133556008338928, 0.7544240355491638, 0.789232075214386, 0.8251252174377441, 0.8530049920082092, 0.8741235136985779, 0.8927379250526428, 0.9014190435409546, 0.9232053160667419, 0.92938232421875, 0.9404006600379944, 0.941652774810791, 0.951669454574585, 0.9576794505119324, 0.9593489170074463, 0.9610183835029602, 0.9652754664421082, 0.965442419052124, 0.9706177115440369, 0.9774624109268188, 0.9771285653114319, 0.9727879762649536, 0.9804674386978149, 0.9796327352523804, 0.9811352491378784, 0.9816360473632812], "loss": [1.984109878540039, 1.4592490196228027, 1.1525717973709106, 0.9713590145111084, 0.8357516527175903, 0.7224770188331604, 0.6167439818382263, 0.5192385315895081, 0.44159674644470215, 0.3752579092979431, 0.3195185959339142, 0.29521870613098145, 0.22954267263412476, 0.21506087481975555, 0.1806553155183792, 0.17329703271389008, 0.14557179808616638, 0.12903663516044617, 0.12000496685504913, 0.11324649304151535, 0.1061488687992096, 0.10493030399084091, 0.0933307409286499, 0.06601787358522415, 0.06836631149053574, 0.08665689826011658, 0.06252171099185944, 0.06214399263262749, 0.05527203530073166, 0.05152568593621254], "val_accuracy": [0.43338897824287415, 0.5666109919548035, 0.662437379360199, 0.7061769366264343, 0.698497474193573, 0.7629382014274597, 0.7969949841499329, 0.8016694784164429, 0.8293823003768921, 0.8460767865180969, 0.8470784425735474, 0.8627712726593018, 0.8714523911476135, 0.8724541068077087, 0.8711185455322266, 0.8701168894767761, 0.8858096599578857, 0.8884807825088501, 0.8530884981155396, 0.899833083152771, 0.8878130316734314, 0.8864774703979492, 0.9038397073745728, 0.9061769843101501, 0.9018363952636719, 0.9191986918449402, 0.903171956539154, 0.9141902923583984, 0.9155258536338806, 0.9128547310829163], "val_loss": [1.6043884754180908, 1.2377679347991943, 0.9925504326820374, 0.8663206696510315, 0.8516110181808472, 0.7256460785865784, 0.6136198043823242, 0.5855565071105957, 0.49786490201950073, 0.49729281663894653, 0.5258792042732239, 0.4442216157913208, 0.45028823614120483, 0.4590313136577606, 0.4419626295566559, 0.4322749376296997, 0.3808513581752777, 0.41060325503349304, 0.5278605222702026, 0.36796385049819946, 0.34798163175582886, 0.4284493029117584, 0.38004204630851746, 0.3776977062225342, 0.4273715019226074, 0.36360523104667664, 0.3862304985523224, 0.3731502294540405, 0.3796139657497406, 0.38658690452575684]}